LOST CEM ID,NAME,ALTERNATE NAME,DESIGNATION,TRACT NO.,RECORDED LOCATION,TOWNSHIP,MOVED TO,NOTES,LAT,LONG,MOVE ID
LKC001,Kober,Kolter,Number 1,Unlisted,SE S17-19N-R2W,Brookville,Sims-Brier,"Two stones with unknown information were recorded. This is a possible location based on description, and should not be taken as fact.",39.441783,-85.004018,FC0163
LKC002,Abner-McCarty,,Number 2,Unlisted,NW S21-T9N-R2W,Brookville,Sims-Brier,"Two known graves, plus 25 stones with unknown information. This is a possible location based on the description  (NW Section 21, Brookville Township) and a map from 1867 which places a cemetery at this location on land owned by W. Liveley.",39.434937,-84.999766,FC0163
LKC003,Grace Stout,Logan,Number 3,213-C,NW S9-T9N-R2W,Brookville,Sims-Brier,"Eleven graves are recorded, six of which were from the Logan Family. Some sources indicate that only the six Logan burials were present. It was located just off of Battle Point.",39.461213,-84.992671,FC0163
LKC004,Gavin,Gravin,Number 4,Unlisted,NW S15-T9N-R2W,Brookville,Sims-Brier,"Five known graves, plus 16 stones with unknown information. This is a possible location based on 1867 map which listed this land as owned by D.H. Gavin. This location should not be taken as fact.",39.449138,-84.977878,FC0163
LKC005,Old Templeton,,Number 5,403-C,SW S4-T9N-R2W,Brookville,Sims-Brier,"36 known graves, plus 26 stones with unknown information. It was also recorded as having 59 total graves. It was located on the farm of a man named Speedy.",39.465824,-84.990463,FC0163
LKC006,Klipple,,Number 6,604-C,SW S32-T10N-R2W,Fairfield,Sims-Brier,Three known interments.,39.483149,-85.021624,FC0163
LKC007,Dickerson,,Number 7,708-C,NE Half of S34-T10-R2W,Fairfield,Sims-Brier,"Seven known graves, plus seven or eight stones with unknown information. It was located on an old farm hill road on Earl G.'s farm.",39.49447,-84.974223,FC0163
LKC008,Barrickman,,Number 8,1002-C,SE S25-T10N-R2W,Fairfield,Sims-Brier,"Three known graves, plus 17 stones with unknown information. Located on an old farm hill road on land owned by A.D. Notes indicate that it was possibly a native burial location.",39.496498,-84.971305,FC0163
LKC009,Brier,"Brick, Fairfield South",Number 9,1316-C,Unlisted,Fairfield,Sims-Brier,"Sources differ on the number of interments, with one placing it at 237 and another at 376. It was located at the south end of the town of Fairfield.",39.51166,-84.997303,FC0163
LKC010,Leviston and Templeton,Templeton,Number 10,1802-C,Unlisted,Unlisted,Sims-Brier,"Six or seven graves were recorded depending on source. It was located to the south of Dunlapsville, on the east side of the river.",39.562417,-85.001617,FC0163
LKC011,Harrell,Ewing,Number 11,1209-C,Unlisted,Unlisted,Sims-Brier,Four known graves. It was located on the west side of the river.,39.531096,-85.001108,FC0163
LKC012,Sims,,Number 12,1315-C,Unlisted,Unlisted,Sims-Brier,Between 779 and 880 graves recorded based on source. It was located north of Fairfield.,39.476758,-84.985106,FC0163
LKC013,Jonas,Luker,Number 13,Unlisted,Unlisted,Unlisted,Sims-Brier,This cemetery contained one unmarked grave of both Wendall and Barbara Luker with no dates on it. This is an approximate location based only on descriptions and should not be taken as fact.,39.510948,-84.986641,FC0163
